{"train_acc": 77.89456122789456, "train_loss": 8.611503475682532, "valid_acc": 77.90818087676907, "valid_acc_en": 78.28788401794961, "valid_loss": 0.8010612880864826, "_timestamp": 1669756669, "_runtime": 2015, "_step": 2}