{"train_acc": 69.94601079784043, "train_loss": 8.771122937543051, "valid_acc": 62.28622862286229, "valid_acc_en": 62.94629462946295, "valid_loss": 1.2440800132850807, "_timestamp": 1669756895, "_runtime": 1709, "_step": 2}