{"train_acc": 16.8713163064833, "train_loss": 22.13952993598639, "valid_acc": 43.05434647431912, "valid_acc_en": 40.106951871657756, "valid_loss": 2.3681769638307513, "_timestamp": 1669756593, "_runtime": 1129, "_step": 0}